hypertension,en,"<strong>Hypertension:</strong> Hypertension, also known as high blood pressure, is a chronic medical condition in which the force of the blood against the artery walls is consistently too high. It can lead to serious health problems like heart disease and stroke if left unmanaged.<br><br>

<strong>Causes</strong><br><br>
- <em><b>Poor Lifestyle Choices:</b></em> Unhealthy diet, excessive salt intake, lack of exercise, and obesity.<br>
- <em><b>Genetics:</b></em> Family history of high blood pressure.<br>
- <em><b>Chronic Conditions:</b></em> Diabetes, kidney disease, and hormonal disorders.<br>
- <em><b>Stress:</b></em> Prolonged stress or anxiety.<br>
- <em><b>Age:</b></em> Risk increases with age.<br><br>

<strong>Precautions</strong><br><br>
- <em><b>Healthy Diet:</b></em> Eat fruits, vegetables, whole grains, and low-fat dairy while reducing salt and saturated fat.<br>
- <em><b>Regular Exercise:</b></em> Engage in at least 30 minutes of moderate activity most days.<br>
- <em><b>Maintain Healthy Weight:</b></em> Avoid obesity to reduce pressure on the heart.<br>
- <em><b>Avoid Tobacco and Alcohol:</b></em> Quit smoking and limit alcohol consumption.<br>
- <em><b>Manage Stress:</b></em> Practice relaxation techniques like yoga or meditation.<br><br>

<strong>Home Remedies</strong><br><br>
- <em><b>Reduce Salt Intake:</b></em> Lower sodium in your diet to control blood pressure.<br>
- <em><b>Stay Hydrated:</b></em> Drink adequate water to maintain circulation.<br>
- <em><b>Garlic:</b></em> Consuming fresh garlic or garlic supplements may help lower blood pressure.<br>
- <em><b>Exercise Regularly:</b></em> Daily walking or yoga can help maintain healthy levels.<br>
- <em><b>Potassium-Rich Foods:</b></em> Include bananas, spinach, and sweet potatoes in your meals.<br>
- <em><b>Herbal Teas:</b></em> Hibiscus tea or green tea may help reduce blood pressure.<br>"
hypertension,te,"<strong>హైపర్ టెన్షన్:</strong>అధిక రక్తపోటు అని కూడా పిలువబడే అధిక రక్తపోటు అనేది దీర్ఘకాలిక వైద్య పరిస్థితి, దీనిలో ధమని గోడలపై రక్తం యొక్క శక్తి స్థిరంగా చాలా ఎక్కువగా ఉంటుంది. ఇది తీవ్రమైన ఆరోగ్యానికి దారి తీస్తుంది. నిర్వహించకపోతే గుండె జబ్బులు మరియు స్ట్రోక్ వంటి సమస్యలు.<br><br>

<strong>కారణాలు</strong><br><br>
- <em><b>పేలవమైన జీవనశైలి ఎంపికలు:</b></em> అనారోగ్యకరమైన ఆహారం, అధిక ఉప్పు తీసుకోవడం, వ్యాయామం లేకపోవడం మరియు ఊబకాయం.<br>
- <em><b>జన్యుశాస్త్రం:</b></em> అధిక రక్తపోటు కుటుంబ చరిత్ర.<br>
- <em><b>దీర్ఘకాలిక పరిస్థితులు:</b></em> మధుమేహం, మూత్రపిండాల వ్యాధి మరియు హార్మోన్ల రుగ్మతలు.<br>
- <em><b>ఒత్తిడి:</b></em> దీర్ఘకాలిక ఒత్తిడి లేదా ఆందోళన.<br>
- <em><b>వయస్సు:</b></em> వయస్సుతో పాటు ప్రమాదం పెరుగుతుంది.<br><br>

<strong>జాగ్రత్తలు</strong><br><br>
- <em><b>ఆరోగ్యకరమైన ఆహారం:</b></em> ఉప్పు మరియు సంతృప్త కొవ్వును తగ్గించేటప్పుడు పండ్లు, కూరగాయలు, తృణధాన్యాలు మరియు తక్కువ కొవ్వు పాల ఉత్పత్తులను తినండి.<br>
- <em><b>క్రమబద్ధమైన వ్యాయామం:</b></em> చాలా రోజులలో కనీసం 30 నిమిషాల మితమైన కార్యాచరణలో పాల్గొనండి.<br>
- <em><b>ఆరోగ్యకరమైన బరువును నిర్వహించండి:</b></em> గుండెపై ఒత్తిడిని తగ్గించడానికి ఊబకాయాన్ని నివారించండి.<br>
- <em><b>పొగాకు మరియు మద్యపానానికి దూరంగా ఉండండి:</b></em> ధూమపానం మానేయండి మరియు మద్యపానాన్ని పరిమితం చేయండి.<br>
- <em><b>ఒత్తిడిని నిర్వహించండి:</b></em> యోగా లేదా ధ్యానం వంటి రిలాక్సేషన్ టెక్నిక్‌లను ప్రాక్టీస్ చేయండి.<br><br>

<strong>ఇంటి నివారణలు</strong><br><br>
- <em><b>ఉప్పు తీసుకోవడం తగ్గించండి:</b></em> రక్తపోటును నియంత్రించడానికి మీ ఆహారంలో సోడియంను తగ్గించండి.<br>
- <em><b>హైడ్రేటెడ్ గా ఉండండి:</b></em> రక్తప్రసరణను నిర్వహించడానికి తగినన్ని నీరు త్రాగండి.<br>
- <em><b>వెల్లుల్లి:</b></em> తాజా వెల్లుల్లి లేదా వెల్లుల్లి సప్లిమెంట్లను తీసుకోవడం వల్ల రక్తపోటు తగ్గుతుంది.<br>
- <em><b>క్రమబద్ధంగా వ్యాయామం చేయండి:</b></em> రోజువారీ నడక లేదా యోగా ఆరోగ్యకరమైన స్థాయిలను నిర్వహించడానికి సహాయపడుతుంది.<br>
- <em><b>పొటాషియం అధికంగా ఉండే ఆహారాలు:</b></em> మీ భోజనంలో అరటిపండ్లు, బచ్చలికూర మరియు చిలగడదుంపలను చేర్చండి.<br>
- <em><b>మూలికా టీలు:</b></em> హైబిస్కస్ టీ లేదా గ్రీన్ టీ రక్తపోటును తగ్గించడంలో సహాయపడవచ్చు.<br>"
உயர் இரத்த அழுத்தம், ta,"<strong>உயர் இரத்த அழுத்தம்:</strong> உயர் இரத்த அழுத்தம் என்றும் அறியப்படும் உயர் இரத்த அழுத்தம் என்பது ஒரு நாள்பட்ட மருத்துவ நிலையாகும், இதில் தமனி சுவர்களுக்கு எதிரான இரத்தத்தின் விசை தொடர்ந்து அதிகமாக இருக்கும். இது தீவிர ஆரோக்கியத்திற்கு வழிவகுக்கும். நிர்வகிக்கப்படாவிட்டால் இதய நோய் மற்றும் பக்கவாதம் போன்ற பிரச்சனைகள்.<br><br>

<strong>காரணங்கள்</strong><br><br>
- <em><b>மோசமான வாழ்க்கை முறை தேர்வுகள்:</b></em> ஆரோக்கியமற்ற உணவு, அதிகப்படியான உப்பு உட்கொள்ளல், உடற்பயிற்சியின்மை மற்றும் உடல் பருமன்.<br>
- <em><b>மரபியல்:</b></em> உயர் இரத்த அழுத்தத்தின் குடும்ப வரலாறு.<br>
- <em><b>நாள்பட்ட நிலைகள்:</b></em> நீரிழிவு, சிறுநீரக நோய் மற்றும் ஹார்மோன் கோளாறுகள்.<br>
- <em><b>மன அழுத்தம்:</b></em> நீடித்த மன அழுத்தம் அல்லது பதட்டம்.<br>
- <em><b>வயது:</b></em> வயதுக்கு ஏற்ப ஆபத்து அதிகரிக்கிறது.<br><br>

<strong>முன்னெச்சரிக்கைகள்</strong><br><br>
- <em><b>ஆரோக்கியமான உணவு:</b></em> உப்பு மற்றும் நிறைவுற்ற கொழுப்பைக் குறைக்கும் போது பழங்கள், காய்கறிகள், முழு தானியங்கள் மற்றும் குறைந்த கொழுப்புள்ள பால் போன்றவற்றை உண்ணுங்கள்.<br>
- <em><b>வழக்கமான உடற்பயிற்சி:</b></em> பெரும்பாலான நாட்களில் குறைந்தபட்சம் 30 நிமிடங்கள் மிதமான செயலில் ஈடுபடுங்கள்.<br>
- <em><b>ஆரோக்கியமான எடையைப் பராமரித்தல்:</b></em> இதயத்தின் அழுத்தத்தைக் குறைக்க உடல் பருமனைத் தவிர்க்கவும்.<br>
- <em><b>புகையிலை மற்றும் மதுவைத் தவிர்க்கவும்:</b></em> புகைபிடிப்பதை விட்டுவிட்டு மது அருந்துவதைக் கட்டுப்படுத்துங்கள்.<br>
- <em><b>மன அழுத்தத்தை நிர்வகித்தல்:</b></em> யோகா அல்லது தியானம் போன்ற தளர்வு நுட்பங்களைப் பயிற்சி செய்யுங்கள்.<br><br>

<strong>வீட்டு வைத்தியம்</strong><br><br>
- <em><b>உப்பு உட்கொள்ளலைக் குறைக்கவும்:</b></em> இரத்த அழுத்தத்தைக் கட்டுப்படுத்த உங்கள் உணவில் சோடியத்தை குறைக்கவும்.<br>
- <em><b>நீரேற்றத்துடன் இருங்கள்:</b></em> சுழற்சியை பராமரிக்க போதுமான தண்ணீர் குடிக்கவும்.<br>
- <em><b>பூண்டு:</b></em> புதிய பூண்டு அல்லது பூண்டு சப்ளிமெண்ட்ஸ் உட்கொள்வது இரத்த அழுத்தத்தைக் குறைக்க உதவும்.<br>
- <em><b>தொடர்ந்து உடற்பயிற்சி:</b></em> தினசரி நடைப்பயிற்சி அல்லது யோகா ஆரோக்கியமான நிலைகளை பராமரிக்க உதவும்.<br>
- <em><b>பொட்டாசியம் நிறைந்த உணவுகள்:</b></em> உங்கள் உணவில் வாழைப்பழங்கள், கீரை மற்றும் இனிப்பு உருளைக்கிழங்குகளைச் சேர்க்கவும்.<br>
- <em><b>மூலிகை டீஸ்:</b></em> செம்பருத்தி தேநீர் அல்லது பச்சை தேநீர் இரத்த அழுத்தத்தைக் குறைக்க உதவும்.<br>"
hypertension,hi,"<strong>उच्च रक्तचाप:</strong> उच्च रक्तचाप, जिसे उच्च रक्तचाप के रूप में भी जाना जाता है, एक पुरानी चिकित्सा स्थिति है जिसमें धमनी की दीवारों के खिलाफ रक्त का बल लगातार बहुत अधिक होता है। अगर इसे अनियंत्रित छोड़ दिया जाए तो यह हृदय रोग और स्ट्रोक जैसी गंभीर स्वास्थ्य समस्याओं का कारण बन सकता है।<br><br>

<strong>कारण</strong><br><br>
- <em><b>खराब जीवनशैली विकल्प:</b></em> अस्वास्थ्यकर आहार, अत्यधिक नमक का सेवन, व्यायाम की कमी और मोटापा।<br>
- <em><b>आनुवांशिकी:</b></em> उच्च रक्तचाप का पारिवारिक इतिहास।<br>
- <em><b>पुरानी स्थितियाँ:</b></em> मधुमेह, गुर्दे की बीमारी और हार्मोनल विकार।<br>
- <em><b>तनाव:</b></em> लंबे समय तक तनाव या चिंता।<br>
- <em><b>उम्र:</b></em> उम्र के साथ जोखिम बढ़ता है।<br><br>

<strong>सावधानियाँ</strong><br><br>
- <em><b>स्वस्थ आहार:</b></em> नमक और संतृप्त वसा को कम करते हुए फल, सब्जियाँ, साबुत अनाज और कम वसा वाले डेयरी उत्पाद खाएँ।<br>
- <em><b>नियमित व्यायाम:</b></em> ज़्यादातर दिनों में कम से कम 30 मिनट मध्यम गतिविधि में शामिल हों।<br>
- <em><b>स्वस्थ वजन बनाए रखें:</b></em> हृदय पर दबाव कम करने के लिए मोटापे से बचें।<br>
- <em><b>तम्बाकू और शराब से बचें:</b></em> धूम्रपान छोड़ें और शराब का सेवन सीमित करें।<br>
- <em><b>तनाव का प्रबंधन करें:</b></em> योग या व्यायाम जैसी विश्राम तकनीकों का अभ्यास करें ध्यान।<br><br>

<strong>घरेलू उपचार</strong><br><br>
- <em><b>नमक का सेवन कम करें:</b></em> रक्तचाप को नियंत्रित करने के लिए अपने आहार में सोडियम कम करें।<br>
- <em><b>हाइड्रेटेड रहें:</b></em> रक्त संचार को बनाए रखने के लिए पर्याप्त पानी पिएं।<br>
- <em><b>लहसुन:</b></em> ताजा लहसुन या लहसुन की खुराक का सेवन रक्तचाप को कम करने में मदद कर सकता है।<br>
- <em><b>नियमित रूप से व्यायाम करें:</b></em> रोजाना टहलना या योग स्वस्थ स्तर बनाए रखने में मदद कर सकता है।<br>
- <em><b>पोटैशियम युक्त खाद्य पदार्थ:</b></em> अपने भोजन में केला, पालक और शकरकंद शामिल करें।<br>
- <em><b>हर्बल चाय:</b></em> हिबिस्कस चाय या ग्रीन टी रक्तचाप को कम करने में मदद मिल सकती है।<br>"
pneumonia,en,"<strong>Pneumonia:</strong> Pneumonia is a serious respiratory infection that inflames the air sacs in one or both lungs. The air sacs may fill with fluid or pus, causing symptoms like cough, fever, and difficulty breathing. It can range from mild to life-threatening, particularly for young children, the elderly, and individuals with weakened immune systems.<br><br>

<strong>Causes</strong><br><br>
- <em><b>Bacterial Infection:</b></em> Commonly caused by Streptococcus pneumoniae.<br>
- <em><b>Viral Infection:</b></em> Influenza, RSV, and COVID-19 can lead to viral pneumonia.<br>
- <em><b>Fungal Infection:</b></em> More common in individuals with weakened immune systems.<br>
- <em><b>Aspiration:</b></em> Inhalation of food, drink, or saliva into the lungs.<br><br>

<strong>Precautions</strong><br><br>
- <em><b>Vaccination:</b></em> Get vaccinated against influenza and pneumococcal diseases.<br>
- <em><b>Good Hygiene:</b></em> Wash hands frequently to prevent infections.<br>
- <em><b>Avoid Smoking:</b></em> Smoking damages the lungs and increases risk.<br>
- <em><b>Boost Immunity:</b></em> Maintain a healthy diet and exercise regularly.<br>
- <em><b>Stay Hydrated:</b></em> Drinking water helps keep mucus thin and easier to clear.<br><br>

<strong>Home Remedies</strong><br><br>
- <em><b>Rest:</b></em> Adequate rest is crucial for recovery.<br>
- <em><b>Steam Inhalation:</b></em> Helps clear the lungs and relieve congestion.<br>
- <em><b>Warm Fluids:</b></em> Drink teas, soups, and broths to soothe the throat and keep hydrated.<br>
- <em><b>Herbal Teas:</b></em> Ginger, honey, and turmeric tea can reduce inflammation.<br>
- <em><b>Healthy Diet:</b></em> Include foods rich in vitamin C and zinc to boost immunity.<br>
- <em><b>Breathing Exercises:</b></em> Practice deep breathing to improve lung function.<br>"

pneumonia,te,"<strong>న్యుమోనియా:</strong> న్యుమోనియా అనేది ఒకటి లేదా రెండు ఊపిరితిత్తులలోని గాలి సంచులను ఎర్రబడిన ఒక తీవ్రమైన శ్వాసకోశ సంక్రమణం. గాలి సంచులు ద్రవం లేదా చీముతో నిండి ఉండవచ్చు, దీని వలన దగ్గు, జ్వరం మరియు ఇబ్బంది వంటి లక్షణాలు కనిపిస్తాయి. ఇది తేలికపాటి నుండి ప్రాణాంతకం వరకు ఉంటుంది, ముఖ్యంగా చిన్నపిల్లలు, వృద్ధులు మరియు బలహీనమైన రోగనిరోధక శక్తి ఉన్న వ్యక్తులకు. వ్యవస్థలు.<br><br>

<strong>కారణాలు</strong><br><br>
- <em><b>బ్యాక్టీరియల్ ఇన్ఫెక్షన్:</b></em> సాధారణంగా స్ట్రెప్టోకోకస్ న్యుమోనియా వల్ల వస్తుంది.<br>
- <em><b>వైరల్ ఇన్ఫెక్షన్:</b></em> ఇన్ఫ్లుఎంజా, RSV మరియు COVID-19 వైరల్ న్యుమోనియాకు దారితీయవచ్చు.<br>
- <em><b>ఫంగల్ ఇన్ఫెక్షన్:</b></em> బలహీనమైన రోగనిరోధక వ్యవస్థ కలిగిన వ్యక్తులలో సర్వసాధారణం.<br>
- <em><b>కాంక్ష:</b></em> ఊపిరితిత్తులలోకి ఆహారం, పానీయం లేదా లాలాజలం పీల్చడం.<br><br>

<strong>జాగ్రత్తలు</strong><br><br>
- <em><b>వ్యాక్సినేషన్:</b></em> ఇన్ఫ్లుఎంజా మరియు న్యుమోకాకల్ వ్యాధులకు వ్యతిరేకంగా టీకాలు వేయండి.<br>
- <em><b>మంచి పరిశుభ్రత:</b></em> ఇన్ఫెక్షన్లను నివారించడానికి తరచుగా చేతులు కడుక్కోండి.<br>
- <em><b>ధూమపానం మానుకోండి:</b></em> ధూమపానం ఊపిరితిత్తులను దెబ్బతీస్తుంది మరియు ప్రమాదాన్ని పెంచుతుంది.<br>
- <em><b>రోగనిరోధక శక్తిని పెంచండి:</b></em> ఆరోగ్యకరమైన ఆహారం మరియు క్రమం తప్పకుండా వ్యాయామం చేయండి.<br>
- <em><b>హైడ్రేటెడ్ గా ఉండండి:</b></em> నీరు త్రాగడం వల్ల శ్లేష్మం సన్నగా మరియు తేలికగా క్లియర్ అవుతుంది.<br><br>

<strong>ఇంటి నివారణలు</strong><br><br>
- <em><b>విశ్రాంతి:</b></em> రికవరీకి తగిన విశ్రాంతి చాలా ముఖ్యం.<br>
- <em><b>ఆవిరి పీల్చడం:</b></em> ఊపిరితిత్తులను క్లియర్ చేయడంలో మరియు రద్దీని తగ్గించడంలో సహాయపడుతుంది.<br>
- <em><b>వెచ్చని ద్రవాలు:</b></em> టీలు, సూప్‌లు మరియు పులుసులను త్రాగడం ద్వారా గొంతుకు ఉపశమనం మరియు హైడ్రేటెడ్‌గా ఉంటుంది.<br>
- <em><b>హెర్బల్ టీలు:</b></em> అల్లం, తేనె మరియు పసుపు టీ వాపును తగ్గిస్తుంది.<br>
- <em><b>ఆరోగ్యకరమైన ఆహారం:</b></em> రోగనిరోధక శక్తిని పెంచడానికి విటమిన్ సి మరియు జింక్ అధికంగా ఉండే ఆహారాలను చేర్చండి.<br>
- <em><b>శ్వాస వ్యాయామాలు:</b></em> ఊపిరితిత్తుల పనితీరును మెరుగుపరచడానికి లోతైన శ్వాసను ప్రాక్టీస్ చేయండి.<br>"
pneumonia,ta,"<strong>நிமோனியா:</strong> நிமோனியா என்பது ஒரு தீவிர சுவாச தொற்று ஆகும், இது ஒன்று அல்லது இரண்டு நுரையீரல்களிலும் உள்ள காற்றுப் பைகளை வீக்கமடையச் செய்கிறது. காற்றுப் பைகள் திரவம் அல்லது சீழ் நிரம்பலாம், இதனால் இருமல், காய்ச்சல் மற்றும் சிரமம் போன்ற அறிகுறிகள் ஏற்படலாம். இது லேசானது முதல் உயிருக்கு ஆபத்தானது, குறிப்பாக இளம் குழந்தைகள், முதியவர்கள் மற்றும் பலவீனமான நோய் எதிர்ப்பு சக்தி கொண்ட நபர்களுக்கு இது இருக்கலாம். அமைப்புகள்.<br><br>

<strong>காரணங்கள்</strong><br><br>
- <em><b>பாக்டீரியல் தொற்று:</b></em> பொதுவாக ஸ்ட்ரெப்டோகாக்கஸ் நிமோனியாவால் ஏற்படுகிறது.<br>
- <em><b>வைரஸ் தொற்று:</b></em> இன்ஃப்ளூயன்ஸா, ஆர்எஸ்வி மற்றும் கோவிட்-19 ஆகியவை வைரஸ் நிமோனியாவுக்கு வழிவகுக்கும்.<br>
- <em><b>பூஞ்சை தொற்று:</b></em> பலவீனமான நோயெதிர்ப்பு அமைப்பு கொண்ட நபர்களுக்கு மிகவும் பொதுவானது.<br>
- <em><b>அபிலாஷை:</b></em> நுரையீரலுக்குள் உணவு, பானம் அல்லது உமிழ்நீரை உள்ளிழுத்தல்.<br><br>

<strong>முன்னெச்சரிக்கைகள்</strong><br><br>
- <em><b>தடுப்பூசி:</b></em> இன்ஃப்ளூயன்ஸா மற்றும் நிமோகாக்கல் நோய்களுக்கு எதிராக தடுப்பூசி போடுங்கள்.<br>
- <em><b>நல்ல சுகாதாரம்:</b></em> தொற்றுநோயைத் தடுக்க அடிக்கடி கைகளைக் கழுவவும்.<br>
- <em><b>புகைபிடிப்பதைத் தவிர்க்கவும்:</b></em> புகைபிடித்தல் நுரையீரலை சேதப்படுத்துகிறது மற்றும் ஆபத்தை அதிகரிக்கிறது.<br>
- <em><b>நோய் எதிர்ப்பு சக்தியை அதிகரிக்கவும்:</b></em> ஆரோக்கியமான உணவு மற்றும் உடற்பயிற்சியை தொடர்ந்து பராமரிக்கவும்.<br>
- <em><b>நீரேற்றத்துடன் இருங்கள்:</b></em> நீர் அருந்துவது சளியை மெலிதாக வைத்திருக்க உதவுகிறது மற்றும் எளிதாக சுத்தப்படுத்துகிறது.<br><br>

<strong>வீட்டு வைத்தியம்</strong><br><br>
- <em><b>ஓய்வு:</b></em> மீட்புக்கு போதுமான ஓய்வு முக்கியமானது.<br>
- <em><b>நீராவி உள்ளிழுத்தல்:</b></em> நுரையீரலை அழிக்கவும், நெரிசலைக் குறைக்கவும் உதவுகிறது.<br>
- <em><b>சூடான திரவங்கள்:</b></em> தொண்டையை ஆற்றவும், நீரேற்றத்துடன் இருக்கவும் தேநீர், சூப்கள் மற்றும் குழம்புகளை குடிக்கவும்.<br>
- <em><b>மூலிகை டீஸ்:</b></em> இஞ்சி, தேன் மற்றும் மஞ்சள் தேநீர் வீக்கத்தைக் குறைக்கும்.<br>
- <em><b>ஆரோக்கியமான உணவு:</b></em> நோய் எதிர்ப்பு சக்தியை அதிகரிக்க வைட்டமின் சி மற்றும் துத்தநாகம் நிறைந்த உணவுகளைச் சேர்த்துக்கொள்ளுங்கள்.<br>
- <em><b>சுவாசப் பயிற்சிகள்:</b></em> நுரையீரல் செயல்பாட்டை மேம்படுத்த ஆழ்ந்த சுவாசத்தைப் பயிற்சி செய்யுங்கள்.<br>"
pneumonia,hi,"<strong>निमोनिया:</strong> निमोनिया एक गंभीर श्वसन संक्रमण है जो एक या दोनों फेफड़ों में वायु थैलियों को सूजन देता है। वायु थैलियों में तरल पदार्थ या मवाद भर सकता है, जिससे खांसी, बुखार और सांस लेने में कठिनाई जैसे लक्षण हो सकते हैं। यह हल्के से लेकर जानलेवा तक हो सकता है, खासकर छोटे बच्चों, बुजुर्गों और कमजोर प्रतिरक्षा प्रणाली वाले व्यक्तियों के लिए।<br><br>

<strong>कारण</strong><br><br>
- <em><b>बैक्टीरियल संक्रमण:</b></em> आमतौर पर स्ट्रेप्टोकोकस न्यूमोनिया के कारण होता है।<br>
- <em><b>वायरल संक्रमण:</b></em> इन्फ्लूएंजा, RSV और COVID-19 वायरल निमोनिया का कारण बन सकते हैं।<br>
- <em><b>फंगल संक्रमण:</b></em> कमजोर प्रतिरक्षा प्रणाली वाले व्यक्तियों में अधिक आम है।<br>
- <em><b>एस्पिरेशन:</b></em> भोजन, पेय या लार का फेफड़ों में जाना।<br><br>

<strong>सावधानियाँ</strong><br><br>
- <em><b>टीकाकरण:</b></em> इन्फ्लूएंजा और न्यूमोकोकल रोगों के खिलाफ टीका लगवाएँ।<br>
- <em><b>अच्छी स्वच्छता:</b></em> संक्रमण को रोकने के लिए बार-बार हाथ धोएँ।<br>
- <em><b>धूम्रपान से बचें:</b></em> धूम्रपान फेफड़ों को नुकसान पहुँचाता है और जोखिम को बढ़ाता है।<br>
- <em><b>प्रतिरक्षा शक्ति बढ़ाएँ:</b></em> स्वस्थ आहार लें और नियमित रूप से व्यायाम करें।<br>
- <em><b>हाइड्रेटेड रहें:</b></em> पानी पीने से बलगम पतला रहता है और आसानी से बाहर निकलता है साफ़ करें।<br><br>

<strong>घरेलू उपचार</strong><br><br>
- <em><b>आराम:</b></em> ठीक होने के लिए पर्याप्त आराम ज़रूरी है।<br>
- <em><b>भाप लेना:</b></em> फेफड़ों को साफ़ करने और कंजेशन से राहत दिलाने में मदद करता है।<br>
- <em><b>गर्म तरल पदार्थ:</b></em> गले को आराम देने और हाइड्रेटेड रहने के लिए चाय, सूप और शोरबा पिएँ।<br>
- <em><b>हर्बल चाय:</b></em> अदरक, शहद और हल्दी की चाय सूजन को कम कर सकती है।<br>
- <em><b>स्वस्थ आहार:</b></em> रोग प्रतिरोधक क्षमता बढ़ाने के लिए विटामिन सी और जिंक से भरपूर खाद्य पदार्थों को शामिल करें।<br>
- <em><b>साँस लेने के व्यायाम:</b></em> फेफड़ों को बेहतर बनाने के लिए गहरी साँस लेने का अभ्यास करें <br>"
asthma,en,"Asthma is a chronic respiratory condition characterized by inflammation and narrowing of the airways, leading to difficulty in breathing. It can range from mild to severe and may be triggered by allergens, exercise, or environmental factors.<br><br>

<strong>Causes</strong><br><br>
- <em><b>Allergens:</b></em> Pollen, dust mites, mold, and pet dander are common triggers.<br>
- <em><b>Respiratory Infections:</b></em> Colds and flu can worsen asthma symptoms.<br>
- <em><b>Environmental Irritants:</b></em> Smoke, strong odors, and pollution can irritate the airways.<br>
- <em><b>Exercise:</b></em> Particularly in cold or dry air, exercise can induce asthma symptoms.<br>
- <em><b>Genetic Factors:</b></em> A family history of asthma or allergies increases risk.<br><br>

<strong>Precautions</strong><br><br>
- <em><b>Identify Triggers:</b></em> Keep a record of situations or substances that cause symptoms and avoid them.<br>
- <em><b>Use Preventive Medications:</b></em> Regularly use inhalers or prescribed medicines as directed by a healthcare provider.<br>
- <em><b>Maintain Good Air Quality:</b></em> Use air purifiers and avoid exposure to smoke or pollutants.<br>
- <em><b>Get Vaccinated:</b></em> Vaccines for flu and pneumonia can prevent respiratory infections that worsen asthma.<br>
- <em><b>Regular Checkups:</b></em> Frequent visits to a doctor to adjust medication as needed.<br><br>

<strong>Home Remedies</strong><br><br>
- <em><b>Ginger:</b></em> Known to reduce inflammation in the airways.<br>
- <em><b>Honey:</b></em> Can help soothe the throat and reduce coughing.<br>
- <em><b>Steam Inhalation:</b></em> Helps clear nasal passages and relieve congestion.<br>
- <em><b>Warm Fluids:</b></em> Herbal teas and warm water can ease symptoms.<br>
- <em><b>Breathing Exercises:</b></em> Techniques like diaphragmatic breathing can strengthen the lungs.<br>
- <em><b>Omega-3 Fatty Acids:</b></em> Found in fish and flaxseed, they may help reduce airway inflammation.<br>"
asthma,te,"<strong>ఆస్తమా:</strong> ఆస్తమా అనేది దీర్ఘకాలిక శ్వాసకోశ స్థితి, ఇది వాపు మరియు శ్వాసనాళాల సంకుచితం, శ్వాస తీసుకోవడంలో ఇబ్బందికి దారితీస్తుంది. ఇది తేలికపాటి నుండి తీవ్రమైన వరకు ఉంటుంది మరియు అలెర్జీ కారకాలు, వ్యాయామం లేదా పర్యావరణ కారకాల ద్వారా ప్రేరేపించబడవచ్చు.<br><br>

<strong>కారణాలు</strong><br><br>
- <em><b>అలెర్జీ కారకాలు:</b></em> పుప్పొడి, దుమ్ము పురుగులు, అచ్చు మరియు పెంపుడు జంతువుల చర్మం సాధారణ ట్రిగ్గర్లు.<br>
- <em><b>శ్వాస సంబంధిత అంటువ్యాధులు:</b></em> జలుబు మరియు ఫ్లూ ఆస్తమా లక్షణాలను మరింత తీవ్రతరం చేస్తాయి.<br>
- <em><b>పర్యావరణ చికాకులు:</b></em> పొగ, ఘాటైన వాసనలు మరియు కాలుష్యం వాయుమార్గాలను చికాకు పరుస్తాయి.<br>
- <em><b>వ్యాయామం:</b></em> ముఖ్యంగా చల్లని లేదా పొడి గాలిలో, వ్యాయామం ఆస్తమా లక్షణాలను ప్రేరేపిస్తుంది.<br>
- <em><b>జన్యు కారకాలు:</b></em> ఆస్తమా లేదా అలెర్జీల కుటుంబ చరిత్ర ప్రమాదాన్ని పెంచుతుంది.<br><br>

<strong>జాగ్రత్తలు</strong><br><br>
- <em><b>ట్రిగ్గర్‌లను గుర్తించండి:</b></em> లక్షణాలను కలిగించే పరిస్థితులు లేదా పదార్ధాల రికార్డును ఉంచండి మరియు వాటిని నివారించండి.<br>
- <em><b>నివారణ మందులను ఉపయోగించండి:</b></em> ఆరోగ్య సంరక్షణ ప్రదాత నిర్దేశించిన విధంగా ఇన్హేలర్లు లేదా సూచించిన మందులను క్రమం తప్పకుండా వాడండి.<br>
- <em><b>మంచి గాలి నాణ్యతను నిర్వహించండి:</b></em> ఎయిర్ ప్యూరిఫైయర్‌లను ఉపయోగించండి మరియు పొగ లేదా కాలుష్య కారకాలకు గురికాకుండా ఉండండి.<br>
- <em><b>వ్యాక్సినేషన్ పొందండి:</b></em> ఫ్లూ మరియు న్యుమోనియా కోసం టీకాలు ఆస్తమాను మరింత తీవ్రతరం చేసే శ్వాసకోశ ఇన్ఫెక్షన్‌లను నివారిస్తాయి.<br>
- <em><b>రెగ్యులర్ చెకప్‌లు:</b></em> అవసరాన్ని బట్టి మందులను సర్దుబాటు చేయడానికి డాక్టర్‌ని తరచుగా సందర్శించడం.<br><br>

<strong>ఇంటి నివారణలు</strong><br><br>
- <em><b>అల్లం:</b></em> వాయునాళాల్లో మంటను తగ్గించడానికి ప్రసిద్ధి చెందింది.<br>
- <em><b>తేనె:</b></em> గొంతును ఉపశమనం చేయడంలో మరియు దగ్గును తగ్గించడంలో సహాయపడుతుంది.<br>
- <em><b>ఆవిరి పీల్చడం:</b></em> నాసికా భాగాలను క్లియర్ చేయడంలో మరియు రద్దీని తగ్గించడంలో సహాయపడుతుంది.<br>
- <em><b>వెచ్చని ద్రవాలు:</b></em> హెర్బల్ టీలు మరియు వెచ్చని నీరు లక్షణాలను తగ్గించగలవు.<br>
- <em><b>శ్వాస వ్యాయామాలు:</b></em> డయాఫ్రాగ్మాటిక్ శ్వాస వంటి పద్ధతులు ఊపిరితిత్తులను బలోపేతం చేస్తాయి.<br>
- <em><b>ఒమేగా-3 ఫ్యాటీ యాసిడ్స్:</b></em> చేపలు మరియు అవిసె గింజలలో కనిపిస్తాయి, అవి వాయుమార్గ వాపును తగ్గించడంలో సహాయపడతాయి.<br>"
asthma, ta,"<strong>ஆஸ்துமா:</strong> ஆஸ்துமா என்பது ஒரு நாள்பட்ட சுவாச நிலை ஆகும் அல்லது சுற்றுச்சூழல் காரணிகள்.<br> <br>

<strong>காரணங்கள்</strong><br><br>
- <em><b>ஒவ்வாமை தூண்டுதல்கள்:</b></em> மகரந்தம், தூசிப் பூச்சிகள், அச்சு மற்றும் செல்லப் பிராணிகள் ஆகியவை பொதுவான தூண்டுதல்கள்.<br>
- <em><b>சுவாச தொற்றுகள்:</b></em> சளி மற்றும் காய்ச்சல் ஆஸ்துமா அறிகுறிகளை மோசமாக்கலாம்.<br>
- <em><b>சூழல் எரிச்சல்
- <em><b>உடற்பயிற்சி:</b></em> குறிப்பாக குளிர் அல்லது வறண்ட காற்றில், உடற்பயிற்சி ஆஸ்துமா அறிகுறிகளைத் தூண்டும்.<br>
- <em><b>மரபியல் காரணிகள்:</b></em> ஆஸ்துமா அல்லது ஒவ்வாமைக்கான குடும்ப வரலாறு ஆபத்தை அதிகரிக்கிறது.<br><br>

<strong>எச்சரிக்கைகள்</strong><br><br>
- <em><b>தூண்டுதல்களை அடையாளம் காணவும்:</b></em> அறிகுறிகளை ஏற்படுத்தும் நிலைமைகள் அல்லது பொருட்களைப் பதிவுசெய்து அவற்றைத் தவிர்க்கவும்.<br>
- <em><b>தடுப்பு மருந்துகளைப் பயன்படுத்தவும்:</b></em> ஒரு சுகாதார வழங்குநரால் இயக்கப்பட்ட இன்ஹேலர்கள் அல்லது பரிந்துரைக்கப்பட்ட மருந்துகளை தவறாமல் பயன்படுத்தவும்.<br>
- <em><b>நல்ல காற்றின் தரத்தை பராமரித்தல்:</b></em> காற்று சுத்திகரிப்பான்களைப் பயன்படுத்துங்கள் மற்றும் புகை அல்லது மாசுபாடுகளுக்கு வெளிப்படுவதைத் தவிர்க்கவும்.<br>
- <em><b>தடுப்பூசி போடுங்கள்:</b></em> காய்ச்சல் மற்றும் நிமோனியாவிற்கான தடுப்பூசிகள் ஆஸ்துமாவை மோசமாக்கக்கூடிய சுவாச தொற்றுகளைத் தடுக்கின்றன.<br>
- <em><b>வழக்கமான சோதனைகள்:</b></em> தேவைக்கேற்ப மருந்துகளை சரிசெய்வதற்கு அடிக்கடி மருத்துவரைச் சந்திப்பது.<br><br>

<strong>வீட்டு வைத்தியம்</strong><br><br>
- <em><b>இஞ்சி:</b></em> காற்றுப்பாதைகளில் ஏற்படும் வீக்கத்தைக் குறைக்கும்.<br>
- <em><b>தேன்:</b></em> தொண்டையை ஆற்றவும் இருமலை குறைக்கவும் உதவுகிறது.<br>
- <em><b>உள்ளிழுத்தல்:</b></em> நாசிப் பாதைகளை அழிக்கவும், நெரிசலைக் குறைக்கவும் உதவுகிறது.<br>
- <em><b>சூடான திரவங்கள்:</b></em> மூலிகை தேநீர் மற்றும் வெதுவெதுப்பான நீர் அறிகுறிகளைக் குறைக்கலாம்.<br>
- <em><b>மூச்சுப் பயிற்சிகள்:</b></em> உதரவிதான சுவாசம் போன்ற நுட்பங்கள் நுரையீரலை பலப்படுத்துகின்றன.<br>
- <em><b>ஒமேகா-3 கொழுப்பு அமிலங்கள்:</b></em> மீன் மற்றும் ஆளி விதைகளில் காணப்படும், அவை சுவாசப்பாதை வீக்கத்தைக் குறைக்க உதவுகின்றன.<br>"
asthma,hi,"<strong>अस्थमा:</strong> अस्थमा एक पुरानी श्वसन स्थिति है जिसमें वायुमार्गों में सूजन और संकुचन होता है, जिससे सांस लेने में कठिनाई होती है। यह हल्के से लेकर गंभीर तक हो सकता है और एलर्जी, व्यायाम, से शुरू हो सकता है। या पर्यावरणीय कारक।<br><br>

<strong>कारण</strong><br><br>
- <em><b>एलर्जी ट्रिगर:</b></em> पराग, धूल के कण, फफूंद और पालतू जानवरों की रूसी आम ट्रिगर हैं।<br>
- <em><b>श्वसन संक्रमण:</b></em> सर्दी और फ्लू अस्थमा के लक्षणों को बदतर बना सकते हैं।<br>
- <em><b>पर्यावरणीय परेशानियाँ:</b></em> धुआं, तेज़ गंध और प्रदूषण वायुमार्ग को परेशान करते हैं।<br>
- <em><b>व्यायाम:</b></em> विशेष रूप से ठंडी या शुष्क हवा में, व्यायाम अस्थमा के लक्षणों को ट्रिगर कर सकता है।<br>
- <em><b>आनुवंशिक कारक:</b></em> अस्थमा या एलर्जी का पारिवारिक इतिहास जोखिम को बढ़ाता है।<br><br>

<strong>चेतावनी</strong><br><br>
- <em><b>ट्रिगर की पहचान करें:</b></em> उन स्थितियों या पदार्थों का रिकॉर्ड रखें जो लक्षण पैदा करते हैं और उनसे बचें।<br>
- <em><b>निवारक दवाओं का उपयोग करें:</b></em> स्वास्थ्य देखभाल प्रदाता के निर्देशानुसार नियमित रूप से इन्हेलर या निर्धारित दवाओं का उपयोग करें।<br>
- <em><b>अच्छी वायु गुणवत्ता बनाए रखें:</b></em> वायु शोधक का उपयोग करें और धुएं या प्रदूषकों के संपर्क में आने से बचें।<br>
- <em><b>टीका लगवाएं:</b></em> फ्लू और निमोनिया के टीके श्वसन संक्रमण को रोकते हैं जो अस्थमा को बदतर बना सकते हैं।<br>
- <em><b>नियमित जांच:</b></em> आवश्यकतानुसार दवा समायोजित करने के लिए डॉक्टर के पास बार-बार जाना।<br><br>

<strong>घरेलू उपचार</strong><br><br>
- <em><b>अदरक:</b></em> वायुमार्ग में सूजन को कम करने के लिए जाना जाता है।<br>
- <em><b>शहद:</b></em> गले को आराम देने और खांसी को कम करने में मदद करता है।<br>
- <em><b>साँस लेना:</b></em> नासिका मार्ग को साफ़ करने और जमाव से राहत दिलाने में मदद करता है।<br>
- <em><b>गर्म तरल पदार्थ:</b></em> हर्बल चाय और गर्म पानी लक्षणों को कम कर सकते हैं।<br>
- <em><b>साँस लेने के व्यायाम:</b></em> डायाफ्रामिक साँस लेने जैसी तकनीकें फेफड़ों को मजबूत बनाती हैं।<br>
- <em><b>ओमेगा-3 फैटी एसिड:</b></em>मछली और अलसी के बीजों में पाया जाता है, ये वायुमार्ग की सूजन को कम करने में मदद करते हैं।<br>"